<NotepadPlus>	
	<!-- Go Programming Language  builtins and keywords -->
	<AutoComplete>
		<KeyWord name="append"/>
		<KeyWord name="bool" /> 
		<KeyWord name="break" /> 
		<KeyWord name="byte" />
		<KeyWord name="cap" />
		<KeyWord name="case" /> 
		<KeyWord name="chan" /> 
		<KeyWord name="close" /> 
		<KeyWord name="complex" /> 
		<KeyWord name="complex128" /> 
		<KeyWord name="complex64" /> 
		<KeyWord name="const" /> 
		<KeyWord name="continue" />
		<KeyWord name="copy" />
		<KeyWord name="default" /> 
		<KeyWord name="defer" /> 
		<KeyWord name="else" />
		<KeyWord name="error" />
		<KeyWord name="fallthrough" /> 
		<KeyWord name="false" /> 
		<KeyWord name="float32" /> 
		<KeyWord name="float64" />
		<KeyWord name="for" />
		<KeyWord name="func" /> 
		<KeyWord name="go" /> 
		<KeyWord name="goto" /> 
		<KeyWord name="if" /> 
		<KeyWord name="iota" />
		<KeyWord name="imag" />
		<KeyWord name="import" /> 
		<KeyWord name="int" /> 
		<KeyWord name="int16" /> 
		<KeyWord name="int32" /> 
		<KeyWord name="int64" /> 
		<KeyWord name="int8" /> 
		<KeyWord name="interface" /> 
		<KeyWord name="len" />
		<KeyWord name="make" />
		<KeyWord name="map" /> 
		<KeyWord name="new" />
		<KeyWord name="nil" /> 
		<KeyWord name="package" /> 
		<KeyWord name="panic" />
		<KeyWord name="print" />
		<KeyWord name="println" />
		<KeyWord name="range" /> 
		<KeyWord name="real" />
		<KeyWord name="recover" />
		<KeyWord name="return" />
		<KeyWord name="rune" />
		<KeyWord name="select" /> 
		<KeyWord name="string" /> 
		<KeyWord name="struct" /> 
		<KeyWord name="switch" /> 
		<KeyWord name="true" /> 
		<KeyWord name="type" /> 
		<KeyWord name="uint" /> 
		<KeyWord name="uint16" /> 
		<KeyWord name="uint32" /> 
		<KeyWord name="uint64" /> 
		<KeyWord name="uint8" /> 
		<KeyWord name="uintptr" /> 
		<KeyWord name="var" /> 
	</AutoComplete>	
</NotepadPlus>
